{
  "metadata": {
    "timestamp": "2026-03-08T22:49:27.319952",
    "baseline_file": "data/evaluation/baseline_responses_val.json",
    "finetuned_file": "/home/nicola/virtual-medical-assistant/data/evaluation/finetuned_responses_epoch1_val.json",
    "questions_file": "data/evaluation/validacao_amostra.json",
    "total_perguntas": 50,
    "has_reference": true
  },
  "metrics": {
    "baseline": {
      "avg_length": 1047.68,
      "total_length": 52384
    },
    "finetuned": {
      "avg_length": 911.68,
      "total_length": 45584
    },
    "comparison": {},
    "averages": {
      "bleu": 0.044067937409565466,
      "rouge1": 0.3148895898621933,
      "rouge2": 0.10313069242375955,
      "rougeL": 0.188314004833159,
      "length_ratio": 0.9259199810987876
    },
    "reference": {
      "baseline": {
        "bleu": 0.03882835889490277,
        "rouge1": 0.318176821890383,
        "rouge2": 0.08771517289057375,
        "rougeL": 0.17479084319920596,
        "semantic_similarity": 0.9036055386066437
      },
      "finetuned": {
        "bleu": 0.2001654550296715,
        "rouge1": 0.42240921943286336,
        "rouge2": 0.2611438443895337,
        "rougeL": 0.3367231690229869,
        "semantic_similarity": 0.9234447824954987
      }
    }
  }
}