{
  "metadata": {
    "timestamp": "2026-03-08T23:53:59.675268",
    "baseline_file": "data/evaluation/baseline_responses_val.json",
    "finetuned_file": "/home/nicola/virtual-medical-assistant/data/evaluation/finetuned_responses_epoch1_5_val.json",
    "questions_file": "data/evaluation/validacao_amostra.json",
    "total_perguntas": 50,
    "has_reference": true
  },
  "metrics": {
    "baseline": {
      "avg_length": 1047.68,
      "total_length": 52384
    },
    "finetuned": {
      "avg_length": 964.98,
      "total_length": 48249
    },
    "comparison": {},
    "averages": {
      "bleu": 0.03799962839889157,
      "rouge1": 0.30501345201560537,
      "rouge2": 0.09426967817703398,
      "rougeL": 0.17698632209304635,
      "length_ratio": 0.9549657697293089
    },
    "reference": {
      "baseline": {
        "bleu": 0.03882835889490277,
        "rouge1": 0.318176821890383,
        "rouge2": 0.08771517289057375,
        "rougeL": 0.17479084319920596,
        "semantic_similarity": 0.9036055302619934
      },
      "finetuned": {
        "bleu": 0.2982136714581868,
        "rouge1": 0.5172637186023037,
        "rouge2": 0.3600669748162382,
        "rougeL": 0.4205200385404537,
        "semantic_similarity": 0.9393197512626648
      }
    }
  }
}